{"cameraMode":{"drawMode":0,"name":"Shaded","section":"Shading Mode"},"sceneLighting":true,"audioPlay":false,"sceneViewState":{"showFog":false,"showMaterialUpdate":false,"showSkybox":false,"showFlares":false,"showImageEffects":false,"showParticleSystems":false},"in2DMode":false,"pivot":{"x":-6.226884841918945,"y":2.696394443511963,"z":10.987054824829102},"rotation":{"x":-0.11369384080171585,"y":-0.0797925516963005,"z":0.009163855575025082,"w":-0.9902747273445129},"size":7.428802490234375,"orthographic":false}