{"cameraMode":{"drawMode":0,"name":"Shaded","section":"Shading Mode"},"sceneLighting":true,"audioPlay":false,"sceneViewState":{"showFog":false,"showMaterialUpdate":false,"showSkybox":false,"showFlares":false,"showImageEffects":false,"showParticleSystems":false},"in2DMode":false,"pivot":{"x":-5.548489093780518,"y":-2.000624895095825,"z":4.673877716064453},"rotation":{"x":-0.1623627096414566,"y":0.2734213173389435,"z":-0.04688141122460365,"w":-0.9469353556632996},"size":21.749156951904298,"orthographic":false}